{
    "0": 1.597528327145154,
    "1": 50.81666716539407,
    "2": 50.81699774935276,
    "3": 12.708971310506893,
    "4": 25.413199938279163,
    "5": 25.4133891219127,
    "6": 6.3592469602898705,
    "7": 6.359193056565297,
    "8": 0.266842271466798,
    "9": 0.26748152298263317,
    "10": 0.02749622441545321
}